{
  "SmartReport/manage.py": 1778686962.6178243,
  "SmartReport/SmartReport/asgi.py": 1778686962.6168702,
  "SmartReport/SmartReport/__init__.py": 1778686962.6165054,
  "SmartReport/SmartReport/settings.py": 1779479626.0800557,
  "SmartReport/SmartReport/urls.py": 1779479626.0802495,
  "SmartReport/SmartReport/wsgi.py": 1778686962.6171458,
  "SmartReport/core/constants.py": 1779479626.086609,
  "SmartReport/apps/__init__.py": 1779479626.0803025,
  "SmartReport/apps/roles/services.py": 1779479626.0856915,
  "SmartReport/apps/roles/models.py": 1779479626.085178,
  "SmartReport/apps/roles/serializers.py": 1779479626.0854723,
  "SmartReport/apps/roles/__init__.py": 1779479626.0841784,
  "SmartReport/apps/roles/apps.py": 1779479626.0844505,
  "SmartReport/apps/roles/admin.py": 1779479626.0842981,
  "SmartReport/apps/roles/permissions.py": 1779479626.0853257,
  "SmartReport/apps/roles/tests.py": 1779479626.085773,
  "SmartReport/apps/roles/urls.py": 1779479626.085933,
  "SmartReport/apps/roles/views.py": 1779479626.0861568,
  "SmartReport/apps/roles/decorators.py": 1779479626.0846002,
  "SmartReport/apps/roles/migrations/__init__.py": 1779479626.0849936,
  "SmartReport/apps/roles/migrations/0001_initial.py": 1779479626.0849497,
  "SmartReport/apps/accounts/models.py": 1779479626.0826855,
  "SmartReport/apps/accounts/serializers.py": 1779479626.0828593,
  "SmartReport/apps/accounts/__init__.py": 1779479626.0804102,
  "SmartReport/apps/accounts/apps.py": 1779479626.0813336,
  "SmartReport/apps/accounts/admin.py": 1779479626.0808258,
  "SmartReport/apps/accounts/tests.py": 1779479626.0829527,
  "SmartReport/apps/accounts/urls.py": 1779479626.0831027,
  "SmartReport/apps/accounts/views.py": 1779479626.0832508,
  "SmartReport/apps/accounts/migrations/0002_alter_customuser_created_at_and_more.py": 1779479626.0822368,
  "SmartReport/apps/accounts/migrations/__init__.py": 1779479626.0823586,
  "SmartReport/apps/accounts/migrations/0001_initial.py": 1779479626.0819268,
  "SmartReport/apps/reports/models.py": 1779479626.0837798,
  "SmartReport/apps/reports/__init__.py": 1779479626.083296,
  "SmartReport/apps/reports/apps.py": 1779479626.0836227,
  "SmartReport/apps/reports/admin.py": 1779479626.0834746,
  "SmartReport/apps/reports/tests.py": 1779479626.0838566,
  "SmartReport/apps/reports/urls.py": 1779479626.083985,
  "SmartReport/apps/reports/views.py": 1779479626.0841308,
  "SmartReport/apps/reports/migrations/__init__.py": 1779479626.0836794,
  "README .md": 1779023164.7130039,
  "requirements.txt": 1779479626.0884738,
  "README.md": 1779023164.713261,
  "SmartReport/github/pull_request_template.md": 1779479614.7982478,
  "SmartReport/templates/profile.html": 1779479626.0880706,
  "SmartReport/templates/home.html": 1779479626.0876417,
  "SmartReport/templates/register.html": 1779479626.088252,
  "SmartReport/templates/login.html": 1779479626.0879052
}